v2,r_hat,r2,vout,is_science,Vinf,v1,dv_left,body_id,tof,shield_burned
"(130130.98375050724, -63206.788171577355, 3.628485198435513e-07)",[-4.507136117714859e-01; 8.926686060145178e-01;-5.124504689653350e-12],"(-6225248717.470703, 12329523559.043756, -0.07077957135918772)","[0, 0, 0]",True,44225.53614239878,"[0, 0, 0]","[0, 0, 0]",1,1059263566.183492,False
"(-22862.711673832975, -7021.779915600105, 396.35315689434645)",[-0.818324357061913;-0.574515881331351; 0.016635766807313],"(-147272265129.604, -103394521336.724, 2993907047.661667)","(130855.41931703992, -45559.50960457714, -1618.7315318508006)",True,-3871.1837151660075,"(130855.41931703992, -45559.50960457714, -1618.7315318508006)","[0, 0, 0]",3,33036666.2971319,True
"(32113.42173106576, 11492.091301236334, -1096.1855723594745)",[-0.998753863563354; 0.010266959594686; 0.048839631017788],"(-126858233436.6205, 1304073410.3396912, 6203439644.786919)","(-22126.630009275068, -5350.821877755454, 858.2646683851682)",True,54377.621081399455,"(-22126.630009275068, -5350.821877755454, 858.2646683851682)","[0, 0, 0]",2,258172490.58036143,True
"(-73116.82287033593, -117901.04484111576, 4630.079947889741)",[ 0.178510591067747;-0.983937990361508; 0.               ],"(2465585238.7940645, -13590134738.858913, 0.0)","(34436.58495397542, 9770.392365755728, -1773.9576455709491)",True,219174.35418421018,"(34436.58495397542, 9770.392365755728, -1773.9576455709491)","[0, 0, 0]",1,161918924.2540905,True
"(-14323.787744268213, -7536.520034058675, 0.0)",[-0.8528725655421  ;-0.522119130989889; 0.               ],"(-990234110013.431, -606210345936.1866, 0.0)","(-67059.24819040138, -125310.97760864274, 0.0)",True,20508.082727703197,"(-67059.24819040138, -125310.97760864274, 0.0)","[0, 0, 0]",5,48892636.04720841,True
"(465.1660840880576, 8064.6096259278365, -2418.5781844653825)",[-0.97255622921372 ; 0.092017136532886;-0.213698918111157],"(-1311964068657.3398, 124129765668.64761, -288276701800.0095)","(-7403.968062622158, 6210.50811242426, -3339.8003424890703)",True,13761.003535958822,"(-7403.968062622158, 6210.50811242426, -3339.8003424890703)","[0, 0, 0]",2039,95925551.64344837,True
