v2,r_hat,r2,vout,is_science,Vinf,v1,dv_left,body_id,tof,shield_burned
"(130130.98375050724, -63206.788171577355, 3.628485198435513e-07)",[-4.507136117714859e-01; 8.926686060145178e-01;-5.124504689653350e-12],"(-6225248717.470703, 12329523559.043756, -0.07077957135918772)","[0, 0, 0]",True,44225.53614239878,"[0, 0, 0]","[0, 0, 0]",1,1059263566.183492,False
"(-22862.711673832975, -7021.779915600105, 396.35315689434645)",[-0.818324357061913;-0.574515881331351; 0.016635766807313],"(-147272265129.604, -103394521336.724, 2993907047.661667)","(130855.41931703992, -45559.50960457714, -1618.7315318508006)",True,-3871.1837151660075,"(130855.41931703992, -45559.50960457714, -1618.7315318508006)","[0, 0, 0]",3,33036666.2971319,True
