is_science,Vinf,v1,r2,dv_left,tof,shield_burned,body_id,v2,r_hat,vout
True,147585.60897780547,"[0, 0, 0]","(-3613077935.623047, 13331036741.80487, 0.0060073530071076235)","[0, 0, 0]",735211230.5434256,False,1,"(130397.39776262641, -69123.30022564813, -3.114897014495292e-08)",[-2.615900954184969e-01; 9.651790621324842e-01; 4.349377661766078e-13],"[0, 0, 0]"
True,4333.0569345641525,"(133401.99293212028, -47673.01221239932, -1709.1852485863599)","(-1756483186699.0217, -1375888864357.8115, 30208147879.42636)","[0, 0, 0]",210079346.8515929,False,7,"(-3807.270775080196, -2067.9053063952783, 61.96198170642189)",[-0.787160909420779;-0.616599087273473; 0.013537660557614],"(133401.99293212028, -47673.01221239932, -1709.1852485863599)"
