tof,v1,v2,is_science,body_id,dv_left,vout,Vinf,shield_burned,r2,r_hat
3138142726.6791453,"[0, 0, 0]","(129850.84111334942, -58116.63102054712, 1.6634058486325132e-06)",True,1,"[0, 0, 0]","[0, 0, 0]",142263.0793249701,False,"(-8704396191.344727, 10724008566.627674, -0.30694102974081366)",[-6.302061208611748e-01; 7.764278750979452e-01;-2.222280689365187e-11]
297907160.9533248,"(127103.37412916147, -94419.70380346858, 13890.776025353933)","(-68751.24196422553, -1375.2819749621915, -19231.28510826878)",True,10,"[0, 0, 0]","(127103.37412916147, -94419.70380346858, 13890.776025353933)",71403.55032524407,False,"(-20616722397786.92, -420283285563.69434, -5768724548338.125)",[-0.962826486462081;-0.019627750296598;-0.26940658563847 ]
