r_hat,dv_left,vout,body_id,r2,v1,v2,Vinf,shield_burned,is_science,tof
[-5.866034658313831e-01; 8.098742951067217e-01; 1.342903243304382e-12],"[0, 0, 0]","[0, 0, 0]",1,"(-8102157063.899414, 11185969949.3416, 0.018548156689547353)","[0, 0, 0]","(132044.99509489536, -56529.470858554945, -9.373505273214088e-08)",43192.91987054169,False,True,1343047841.6266818
[-0.958561813848036;-0.229004673948347; 0.169458279060581],"[0, 0, 0]","(131244.94417272494, -47381.37703156185, -14607.273697777471)",1000,"(-536131109699.54913, -128084102868.06476, 94779339097.40323)","(131244.94417272494, -47381.37703156185, -14607.273697777471)","(-105.91858217133324, 1996.981963854119, -202.02433807038526)",-14256.859812430737,True,True,40819783.852368765
