v2,r_hat,r2,vout,is_science,Vinf,v1,dv_left,body_id,tof,shield_burned
"(142272.50485941023, -45053.73686596836, 9.808503511809612e-07)",[-6.421793393295153e-01; 7.665544312951998e-01;-1.668840889651381e-11],"(-8869770080.52539, 10587636729.165358, -0.23050001900780345)","[0, 0, 0]",True,48792.094167046,"[0, 0, 0]","[0, 0, 0]",1,645480921.7709541,False
"(39245.59244581533, 16168.078957385984, -2430.943372668322)",[-0.987592243068809;-0.148457521305604; 0.05120474390244 ],"(-124494243147.72034, -18714309356.15404, 6454785244.0584755)","(138841.2341206608, -21603.937092288557, -5560.074705657275)",True,8949.217452738681,"(138841.2341206608, -21603.937092288557, -5560.074705657275)","[0, 0, 0]",2,214252181.80601898,True
