v2,r_hat,r2,vout,is_science,Vinf,v1,dv_left,body_id,tof,shield_burned
"(142272.50485941023, -45053.73686596836, 9.808503511809612e-07)",[-6.421793393295153e-01; 7.665544312951998e-01;-1.668840889651381e-11],"(-8869770080.52539, 10587636729.165358, -0.23050001900780345)","[0, 0, 0]",True,48792.094167046,"[0, 0, 0]","[0, 0, 0]",1,645480921.7709541,False
"(39245.59244581533, 16168.078957385984, -2430.943372668322)",[-0.987592243068809;-0.148457521305604; 0.05120474390244 ],"(-124494243147.72034, -18714309356.15404, 6454785244.0584755)","(138841.2341206608, -21603.937092288557, -5560.074705657275)",True,8949.217452738681,"(138841.2341206608, -21603.937092288557, -5560.074705657275)","[0, 0, 0]",2,214252181.80601898,True
"(97609.81202515203, -98849.1547334296, -10906.469405014057)",[0.653838439465471;0.756634188414294;0.               ],"(9030805372.720982, 10450618503.712246, 0.0)","(32269.93028570592, 20215.23068043826, -881.9786727364265)",True,239430.24702855686,"(32269.93028570592, 20215.23068043826, -881.9786727364265)","[0, 0, 0]",1,127697702.49503216,True
"(-2578.2465400423625, 1881.193597679452, -38.96712053927125)",[-0.923170907634124;-0.38435070035893 ;-0.005478542834364],"(-638831907244.6302, -265969701742.82925, -3791137631.0238285)","(81641.03589290725, -114530.4980147316, 1674.153282008682)",True,13043.269281799949,"(81641.03589290725, -114530.4980147316, 1674.153282008682)","[0, 0, 0]",2040,50362655.30505486,True
