dv_left,r_hat,Vinf,vout,shield_burned,r2,is_science,tof,body_id,v2,v1
"[0, 0, 0]",[-1.736482903073096e-01; 9.848077331506634e-01; 2.132046189414866e-12],236181.1156630384,"[0, 0, 0]",False,"(-2398427223.642578, 13602147611.486507, 0.02944778559988381)",True,645390047.3663831,1,"(130991.09185862541, -71511.06579414124, -1.5481691521614943e-07)","[0, 0, 0]"
"[0, 0, 0]",[-0.731515824079895;-0.681824463568676; 0.               ],14479.876775869483,"(136426.41241780756, -37308.4187613599, -3.0580311333179357e-07)",False,"(-838694135228.3943, -781722226678.5015, 0.0)",True,313301602.4123659,5,"(4934.7560957037, 6705.447146475599, 3.915622028353622e-09)","(136426.41241780756, -37308.4187613599, -3.0580311333179357e-07)"
