dv_left,r_hat,Vinf,vout,shield_burned,r2,is_science,tof,body_id,v2,v1
"[0, 0, 0]",[-1.736482903073096e-01; 9.848077331506634e-01; 2.132046189414866e-12],236181.1156630384,"[0, 0, 0]",False,"(-2398427223.642578, 13602147611.486507, 0.02944778559988381)",True,645390047.3663831,1,"(130991.09185862541, -71511.06579414124, -1.5481691521614943e-07)","[0, 0, 0]"
"[0, 0, 0]",[-0.731515824079895;-0.681824463568676; 0.               ],14479.876775869483,"(136426.41241780756, -37308.4187613599, -3.0580311333179357e-07)",False,"(-838694135228.3943, -781722226678.5015, 0.0)",True,313301602.4123659,5,"(4934.7560957037, 6705.447146475599, 3.915622028353622e-09)","(136426.41241780756, -37308.4187613599, -3.0580311333179357e-07)"
"[0, 0, 0]",[-0.178433398990705;-0.982255623204061; 0.057753032895476],30888.765144398385,"(-1848.4366297651181, 3211.935650583017, -349.2893176898629)",False,"(-81587596191.29977, -449130463219.9557, 26407226188.32391)",True,134598981.65632802,4,"(-12006.109347730577, -15364.024929812536, 295.4020472222961)","(-1848.4366297651181, 3211.935650583017, -349.2893176898629)"
"[0, 0, 0]",[-0.872075458529691; 0.489225356779872; 0.011955957253069],58754.703300045214,"(-12212.583020124337, -14484.359650393686, 1257.6441960704333)",False,"(-155801742077.3895, 87403173784.11967, 2136006637.9708314)",True,200283926.74804777,3,"(35302.83717754271, 7815.823838404989, -1895.3534533557088)","(-12212.583020124337, -14484.359650393686, 1257.6441960704333)"
"[0, 0, 0]",[-0.156522759945531;-0.986240620794263; 0.053198341274704],30475.507727717162,"(34555.66986701024, 8934.03575303427, -1819.8494032787894)",False,"(-71617036808.42801, -451254698460.2701, 24340917362.71223)",True,576081875.5734625,4,"(-11924.138530760993, -13524.854246212919, 1124.312133721789)","(34555.66986701024, 8934.03575303427, -1819.8494032787894)"
"[0, 0, 0]",[-0.937458763635928;-0.307523954553017; 0.163095321386823],27087.196404037364,"(-12379.42232547081, -11415.326317751156, 2357.993650471169)",False,"(-526386846993.2376, -172675931028.92023, 91578675579.4837)",True,255456528.6985647,1000,"(6827.395110785559, 11299.042680767569, -1439.4314447524266)","(-12379.42232547081, -11415.326317751156, 2357.993650471169)"
