r2,v2,vout,dv_left,v1,r_hat,body_id,shield_burned,tof,is_science,Vinf
"(-2398422240.529297, 13602148490.505106, 0.011101282871715136)","(127503.04682860523, -73960.02805117531, -6.03618754176381e-08)","[0, 0, 0]","[0, 0, 0]","[0, 0, 0]",[-1.736479295209442e-01; 9.848077967670084e-01; 8.037428744299156e-13],1,False,747675987.3015944,True,147401.19639917492
"(-1727840803796.215, -1410492013495.3801, 34072964642.0755)","(-2840.006200822512, -1351.0787533558964, 53.06456740113413)","(131948.08152690268, -51458.967705326795, -2118.186692919527)","[0, 0, 0]","(131948.08152690268, -51458.967705326795, -2118.186692919527)",[-0.774568691393417;-0.632305332015319; 0.015274469486264],7,False,232693402.39262304,True,3145.451456753626
