dv_left,body_id,tof,shield_burned,vout,r2,v2,r_hat,Vinf,is_science,v1
"[0, 0, 0]",1,662500242.8771644,False,"[0, 0, 0]","(-8745091251.992188, 10690848973.949009, 0.1830095449253202)","(141589.89142020047, -45990.29002356213, -7.872772376361269e-07)",[-6.331524798958809e-01; 7.740270907414650e-01; 1.325005581704897e-11],148871.77075871543,True,"[0, 0, 0]"
"[0, 0, 0]",1000,248660365.58373547,False,"(138205.78099658183, -23132.095334221543, -12070.179416635043)","(-458469995491.2201, -333484468407.81226, 73995260492.69362)","(-8768.532953705491, -3596.5814979788256, 1184.9740767827595)",[-0.801891231327593;-0.583284126835056; 0.129422102062137],9551.268617019936,True,"(138205.78099658183, -23132.095334221543, -12070.179416635043)"
[-16.563921063236194; -7.427305867371615; -2.49771439253891 ],2006,35329344.67233617,True,[-108611.34970711249 ; -65894.82399978186 ; -19557.549571830656],"(26917576040.431038, 494888687.65320396, 3261410976.2561183)","(-50916.25529488683, 63499.080556212706, 282.29215242620467)",[0.992574306208604;0.018248812413868;0.120263159363093],22751.855988770705,True,"(-108627.91362817572, -65902.25130564923, -19560.047286223195)"
[ 4.426472309824021; 2.841887590049737;-1.32130166195293 ],9,296733646.8234117,True,[-87467.08994581501 ; 59165.13501549415 ; -5867.729901546426],"(-540187556118.6284, -9467071052889.951, -801185545888.7068)","(-1565.8783732923032, -30471.31396103375, -2558.056294091299)",[-0.05676471244857 ;-0.9948314431913  ;-0.084191252862432],31219.977646148753,True,"(-87462.66347350519, 59167.9769030842, -5869.051203208379)"
