r_hat,vout,v1,is_science,v2,tof,body_id,Vinf,r2,dv_left,shield_burned
[-2.861193252560672e-01; 9.581939948230801e-01;-5.781421862074548e-12],"[0, 0, 0]","[0, 0, 0]",True,"(133153.269118838, -66310.91343455834, 4.0009785773649493e-07)",668498984.6681385,1,48307.59470739824,"(-3951875239.8066406, 13234559111.60075, -0.07985290013934396)","[0, 0, 0]",False
[-0.634538061027637;-0.767302570032842; 0.09278046738556 ],"(135756.4511605001, -34082.62432550101, -13490.667179869875)","(135756.4511605001, -34082.62432550101, -13490.667179869875)",True,"(-7367.09016681289, -4407.028243794478, 932.7972437405147)",244115106.56558675,1000,-7026.926455217606,"(-369208946817.355, -446458599052.7939, 53984750092.323456)","[0, 0, 0]",False
