dv_left,r_hat,Vinf,vout,shield_burned,r2,is_science,tof,body_id,v2,v1
"[0, 0, 0]",[-4.519746071935171e-01; 8.920308035333008e-01;-1.337479753538697e-11],226993.32014741897,"[0, 0, 0]",False,"(-6242665564.714844, 12320714242.023735, -0.18473247540971763)",True,675774389.1312286,1,"(137077.41939405352, -57391.67419974075, 8.605106680150297e-07)","[0, 0, 0]"
"[0, 0, 0]",[-0.862672429048408;-0.505763067215984; 0.               ],13403.472160704187,"(137125.6442788768, -34353.35626315791, 1.3264453631076698e-06)",False,"(-1002737546839.7621, -587879709870.5608, 0.0)",True,247383928.05391377,5,"(5074.126019287371, 4445.8344163457905, -1.700445442756132e-08)","(137125.6442788768, -34353.35626315791, 1.3264453631076698e-06)"
