is_science,Vinf,r_hat,dv_left,v1,r2,shield_burned,vout,body_id,v2,tof
True,46795.11839272875,[-2.907595999593184e-01; 9.567961407904492e-01;-2.660071835685538e-12],"[0, 0, 0]","[0, 0, 0]","(-4015966634.84375, 13215251975.512846, -0.036740866818826844)",False,"[0, 0, 0]",1,"(130564.39376331121, -68060.20525863052, 1.8922007251188426e-07)",759142044.8515649
True,-3655.574617773884,[-0.812542065534623;-0.582818908819072; 0.009874778968382],"[0, 0, 0]","(133035.6846750978, -48747.32554561472, -1179.6194530172043)","(-1814629864671.158, -1301594886588.7734, 22053096797.22509)",False,"(133035.6846750978, -48747.32554561472, -1179.6194530172043)",7,"(-4273.896129140154, -2204.6087544349484, 49.329802407620775)",202347905.6490439
True,70781.77709054064,[-0.564403709992844; 0.825403389536476; 0.012557734190915],"[0, 0, 0]","(-906.3228190988267, 1755.8318857541703, 22.158906591086442)","(-74976427947.1693, 109648105898.72908, 1668192529.6997204)",False,"(-906.3228190988267, 1755.8318857541703, 22.158906591086442)",2,"(44029.61890635413, -6160.792198328407, -709.9150225333112)",315590338.76797974
True,58890.11906116766,[ 0.633681809104296;-0.77356651867717 ;-0.006496613886432],"[0, 0, 0]","(42578.10021860531, 253.648624241785, 2156.249274480368)","(114473738136.16513, -139743716511.4843, -1173604269.717651)",False,"(42578.10021860531, 253.648624241785, 2156.249274480368)",3,"(-4745.6896131624, -35156.058246262626, -1984.095035096785)",194334263.60996503
True,26965.499788807447,[-0.933221603106978;-0.358391605065045;-0.025551847552451],"[0, 0, 0]","(-4957.1613203782035, -35071.252047798596, -913.510663448442)","(-555526226990.6324, -213342613891.54587, -15210450997.056446)",False,"(-4957.1613203782035, -35071.252047798596, -913.510663448442)",1132,"(7308.516936522436, 11280.633157753271, 398.8228712221251)",144379864.44717026
