is_science,Vinf,r_hat,dv_left,v1,r2,shield_burned,vout,body_id,v2,tof
True,46795.11839272875,[-2.907595999593184e-01; 9.567961407904492e-01;-2.660071835685538e-12],"[0, 0, 0]","[0, 0, 0]","(-4015966634.84375, 13215251975.512846, -0.036740866818826844)",False,"[0, 0, 0]",1,"(130564.39376331121, -68060.20525863052, 1.8922007251188426e-07)",759142044.8515649
True,-3655.574617773884,[-0.812542065534623;-0.582818908819072; 0.009874778968382],"[0, 0, 0]","(133035.6846750978, -48747.32554561472, -1179.6194530172043)","(-1814629864671.158, -1301594886588.7734, 22053096797.22509)",False,"(133035.6846750978, -48747.32554561472, -1179.6194530172043)",7,"(-4273.896129140154, -2204.6087544349484, 49.329802407620775)",202347905.6490439
