v2,r_hat,r2,vout,is_science,Vinf,v1,dv_left,body_id,tof,shield_burned
"(112043.02371925302, -87640.04313667887, -1.267990053427078e-06)",[-1.741396132949920e-01; 9.847209732109247e-01; 1.424709932519325e-11],"(-2405213368.371582, 13600949284.70192, 0.19678069285374955)","[0, 0, 0]",True,41804.08706801673,"[0, 0, 0]","[0, 0, 0]",1,3223574230.4233737,False
"(18242.16452633449, 12083.932928423063, -1008.265337137535)",[-0.997956224620893;-0.04013416228109 ; 0.049725473938502],"(-126448321272.41812, -5085290637.920017, 6300579673.61002)","(117538.31433820965, -67938.39157294706, -5220.845871386509)",True,-11492.106691941433,"(117538.31433820965, -67938.39157294706, -5220.845871386509)","[0, 0, 0]",2,46200871.03599384,False
"(68586.68313871694, -116019.73834965582, -8971.082288958736)",[0.670699723266862;0.741728980969299;0.               ],"(9263693136.966013, 10244748032.735006, 0.0)","(7767.347392156429, 14368.903768361972, 270.20178671164734)",True,232778.27992018536,"(7767.347392156429, 14368.903768361972, 270.20178671164734)","[0, 0, 0]",1,158441832.71205437,True
"(-9500.250256461279, 5053.147312754045, 440.2118263248277)",[-0.995622220461297; 0.087213339075706; 0.033618857966656],"(-399051455428.06744, 34955637967.558655, 13474643218.798092)","(44472.87889116287, -132643.1072772988, -5144.242862093219)",True,26582.15287999789,"(44472.87889116287, -132643.1072772988, -5144.242862093219)","[0, 0, 0]",1121,16620900.618159555,True
