v2,r_hat,r2,vout,is_science,Vinf,v1,dv_left,body_id,tof,shield_burned
"(112043.02371925302, -87640.04313667887, -1.267990053427078e-06)",[-1.741396132949920e-01; 9.847209732109247e-01; 1.424709932519325e-11],"(-2405213368.371582, 13600949284.70192, 0.19678069285374955)","[0, 0, 0]",True,41804.08706801673,"[0, 0, 0]","[0, 0, 0]",1,3223574230.4233737,False
"(18242.16452633449, 12083.932928423063, -1008.265337137535)",[-0.997956224620893;-0.04013416228109 ; 0.049725473938502],"(-126448321272.41812, -5085290637.920017, 6300579673.61002)","(117538.31433820965, -67938.39157294706, -5220.845871386509)",True,-11492.106691941433,"(117538.31433820965, -67938.39157294706, -5220.845871386509)","[0, 0, 0]",2,46200871.03599384,False
