shield_burned,body_id,v2,Vinf,r2,tof,vout,is_science,dv_left,r_hat,v1
False,1,"(127871.4381917715, -73438.18298009453, -1.3163011670204382e-06)",233246.099704335,"(-2516023148.373047, 13580887316.523714, 0.24342293202922355)",743680093.2765738,"[0, 0, 0]",True,"[0, 0, 0]",[-1.821623411321285e-01; 9.832684686662448e-01; 1.762403943396301e-11],"[0, 0, 0]"
False,1000,"(3484.0877462104354, 6468.539726730247, -654.3304432826611)",20387.539756741546,"(-448931645231.04785, -348640157632.86633, 71759825898.98483)",165191506.40336442,"(132456.67637585793, -43576.67199318648, -17381.44277540546)",True,"[0, 0, 0]",[-0.783583159366244;-0.608530405690842; 0.1252524558935  ],"(132456.67637585793, -43576.67199318648, -17381.44277540546)"
