dv_left,r_hat,Vinf,vout,shield_burned,r2,is_science,tof,body_id,v2,v1
"[0, 0, 0]",[-5.302310936214260e-01; 8.478531637949028e-01;-6.869835662511862e-12],221899.13591474685,"[0, 0, 0]",False,"(-7323542820.349609, 11710533435.547947, -0.09488605298408216)",True,764020947.0836151,1,"(136734.5634232983, -54433.753974476735, 4.41056258638573e-07)","[0, 0, 0]"
"[0, 0, 0]",[-0.900341822112277;-0.432050278058784; 0.052126390483828],47839.18964245771,"(133977.15956416866, -18792.894537576925, -5442.89919257174)",False,"(-112058575062.879, -53773952654.11806, 6487768197.955108)",True,251076541.20387268,2,"(9571.750821522679, 17366.134748842658, -909.8866895083287)","(133977.15956416866, -18792.894537576925, -5442.89919257174)"
"[0, 0, 0]",[ 0.925824515109755;-0.377953657505502; 0.               ],230092.34807511617,"(-652.8751584237207, 14837.654404479907, -949.8991356972074)",False,"(12787472409.981365, -5220289470.332501, 0.0)",True,284256953.0630418,1,"(4042.7810451096084, -134420.5109430806, 8655.349762737595)","(-652.8751584237207, 14837.654404479907, -949.8991356972074)"
"[0, 0, 0]",[-0.721327903671678;-0.683573639557524; 0.111414248131479],19856.069188739748,"(30008.300662063317, -136525.43017646633, 14156.823291504325)",False,"(-416051051945.10864, -394274962014.09106, 64262057381.70623)",True,351427044.933952,1000,"(2512.9358318755576, 6201.043894177264, -823.2557333440309)","(30008.300662063317, -136525.43017646633, 14156.823291504325)"
