dv_left,r_hat,Vinf,vout,shield_burned,r2,is_science,tof,body_id,v2,v1
"[0, 0, 0]",[-5.302310936214260e-01; 8.478531637949028e-01;-6.869835662511862e-12],221899.13591474685,"[0, 0, 0]",False,"(-7323542820.349609, 11710533435.547947, -0.09488605298408216)",True,764020947.0836151,1,"(136734.5634232983, -54433.753974476735, 4.41056258638573e-07)","[0, 0, 0]"
"[0, 0, 0]",[-0.900341822112277;-0.432050278058784; 0.052126390483828],47839.18964245771,"(133977.15956416866, -18792.894537576925, -5442.89919257174)",False,"(-112058575062.879, -53773952654.11806, 6487768197.955108)",True,251076541.20387268,2,"(9571.750821522679, 17366.134748842658, -909.8866895083287)","(133977.15956416866, -18792.894537576925, -5442.89919257174)"
