Vinf,body_id,r2,shield_burned,dv_left,v2,tof,v1,vout,r_hat,is_science
226674.36557275947,1,"(-6059812021.068359, 12411669954.517166, -0.1608153256386885)",False,"[0, 0, 0]","(135937.93448259681, -58752.900182361904, 7.612486321073341e-07)",703937140.7264793,"[0, 0, 0]","[0, 0, 0]",[-4.387358460047261e-01; 8.986160789962070e-01;-1.164317435909116e-11],True
26028.26718838975,4,"(-381586445287.0402, -201229569337.11942, 84833050375.40335)",False,"[0, 0, 0]","(10730.389371437646, 9538.85615445529, -2720.4764245786805)",187210420.2696608,"(135130.97823099862, -32439.046244629673, -21090.632148528173)","(135130.97823099862, -32439.046244629673, -21090.632148528173)",[-0.867918674574542;-0.457696816177265; 0.19295284083414 ],True
