dv_left,r_hat,Vinf,vout,shield_burned,r2,is_science,tof,body_id,v2,v1
"[0, 0, 0]",[-3.467018223288942e-01; 9.379753975418672e-01;-1.594605177019608e-11],225741.84288518794,"[0, 0, 0]",False,"(-4788639656.029297, 12955300191.032476, -0.22024659504506244)",True,902891988.0991986,1,"(129164.7314388156, -67404.22935703087, 1.145905674790803e-06)","[0, 0, 0]"
"[0, 0, 0]",[-0.946700294732292;-0.31784057479534 ; 0.052306031846806],50623.97994039584,"(131450.6879815676, -35940.423139980965, -5808.023649259376)",False,"(-118419533056.53673, -39757600861.7688, 6542784344.532875)",True,306026746.1119874,2,"(17366.847811368396, 18758.236363483258, -1194.3981598502824)","(131450.6879815676, -35940.423139980965, -5808.023649259376)"
